Date,City,Loc_ID,Pedestrian_Avg,Real_Data_Proportion,Count_Type,Latitude,Longitude,Weather_Temperature_Avg,Weather_Precipitation_Avg,Weather_Wind_Speed_Avg,Month,Season,Attraction_Score,Tourist_Saturation_Level
2019-01-01,Toronto,CAD_1,86845.0,89.19,both,43.65107,-79.347015,-4.407,0.114,15.745,Janary,Winter,0.847,0.009
2019-01-01,Montreal,CAD_2,122894.0,96.74,real,45.50169,-73.567253,-10.025,0.184,11.489,Janary,Winter,0.809,0.861
2019-01-01,Vancouver,CAD_3,65470.0,74.44,both,49.28273,-123.120735,5.477,0.338,10.35,Janary,Winter,0.676,0.472
2019-01-01,Edmonton,CAD_4,39321.0,71.31,both,53.54613,-113.493823,5.477,0.338,10.35,Janary,Winter,0.565,0.317
2019-01-01,Calgary,CAD_5,50365.0,96.24,real,51.04473,-114.071883,-4.135,0.017,8.721,Janary,Winter,0.636,0.471
2019-02-01,Vancouver,CAD_3,70644.0,63.11,synthetic,49.28273,-123.120735,0.019,0.141,8.424,February,Winter,0.653,0.573
2019-02-01,Montreal,CAD_2,104846.0,85.97,both,45.50169,-73.567253,-7.828,0.142,12.125,February,Winter,0.875,0.613
2019-02-01,Edmonton,CAD_4,61156.0,80.33,both,53.54613,-113.493823,-7.828,0.142,12.125,February,Winter,0.571,0.868
2019-02-01,Toronto,CAD_1,126693.0,69.52,synthetic,43.65107,-79.347015,-3.418,0.096,16.931,February,Winter,0.771,0.422
2019-02-01,Calgary,CAD_5,32859.0,98.36,real,51.04473,-114.071883,-18.425,0.07,8.512,February,Winter,0.611,0.065
2019-03-01,Calgary,CAD_5,43680.0,65.99,synthetic,51.04473,-114.071883,-4.704,0.009,8.043,March,Winter,0.557,0.316
2019-03-01,Edmonton,CAD_4,64769.0,83.5,both,53.54613,-113.493823,-4.704,0.009,8.043,March,Winter,0.529,0.959
2019-03-01,Vancouver,CAD_3,88975.0,71.75,both,49.28273,-123.120735,3.331,0.026,9.274,March,Winter,0.651,0.931
2019-03-01,Toronto,CAD_1,133795.0,68.64,synthetic,43.65107,-79.347015,-1.679,0.039,15.588,March,Winter,0.82,0.496
2019-03-01,Montreal,CAD_2,121350.0,95.56,real,45.50169,-73.567253,-3.894,0.126,12.193,March,Winter,0.859,0.839
2019-04-01,Calgary,CAD_5,33137.0,73.27,both,51.04473,-114.071883,5.939,0.041,9.785,Apirl,Spring,0.593,0.071
2019-04-01,Edmonton,CAD_4,27177.0,89.24,both,53.54613,-113.493823,5.939,0.041,9.785,Apirl,Spring,0.568,0.01
2019-04-01,Montreal,CAD_2,132076.0,81.72,both,45.50169,-73.567253,5.681,0.113,12.788,Apirl,Spring,0.847,0.986
2019-04-01,Vancouver,CAD_3,91888.0,77.0,both,49.28273,-123.120735,9.342,0.074,8.781,Apirl,Spring,0.663,0.988
2019-04-01,Toronto,CAD_1,159754.0,76.09,both,43.65107,-79.347015,5.48,0.121,14.8,Apirl,Spring,0.8,0.765
2019-05-01,Calgary,CAD_5,56948.0,62.52,synthetic,51.04473,-114.071883,7.491,0.112,9.122,May,Spring,0.555,0.623
2019-05-01,Edmonton,CAD_4,41560.0,99.51,real,53.54613,-113.493823,7.491,0.112,9.122,May,Spring,0.58,0.373
2019-05-01,Montreal,CAD_2,129025.0,68.79,synthetic,45.50169,-73.567253,11.563,0.063,10.136,May,Spring,0.838,0.945
2019-05-01,Toronto,CAD_1,120314.0,69.37,synthetic,43.65107,-79.347015,9.221,0.079,13.03,May,Spring,0.801,0.356
2019-05-01,Vancouver,CAD_3,43835.0,65.39,synthetic,49.28273,-123.120735,13.813,0.019,8.786,May,Spring,0.654,0.049
2019-06-01,Vancouver,CAD_3,53169.0,66.01,synthetic,49.28273,-123.120735,16.184,0.005,9.132,June,Spring,0.698,0.232
2019-06-01,Montreal,CAD_2,63505.0,60.32,synthetic,45.50169,-73.567253,17.933,0.051,10.385,June,Spring,0.869,0.047
2019-06-01,Calgary,CAD_5,30768.0,76.15,both,51.04473,-114.071883,14.063,0.299,10.442,June,Spring,0.615,0.017
2019-06-01,Toronto,CAD_1,151905.0,80.64,both,43.65107,-79.347015,15.629,0.068,11.781,June,Spring,0.831,0.684
2019-06-01,Edmonton,CAD_4,62741.0,99.47,real,53.54613,-113.493823,15.629,0.068,11.781,June,Spring,0.586,0.908
2019-07-01,Toronto,CAD_1,164313.0,84.61,both,43.65107,-79.347015,21.896,0.393,9.329,July,Spring,0.774,0.813
2019-07-01,Vancouver,CAD_3,65712.0,97.61,real,49.28273,-123.120735,17.774,0.038,7.878,July,Spring,0.718,0.477
2019-07-01,Calgary,CAD_5,41586.0,82.25,both,51.04473,-114.071883,15.153,0.104,8.532,July,Spring,0.56,0.267
2019-07-01,Montreal,CAD_2,119624.0,70.61,both,45.50169,-73.567253,23.459,0.225,9.623,July,Spring,0.863,0.816
2019-07-01,Edmonton,CAD_4,52632.0,74.77,both,53.54613,-113.493823,23.459,0.225,9.623,July,Spring,0.539,0.653
2019-08-01,Edmonton,CAD_4,48021.0,82.67,both,53.54613,-113.493823,23.459,0.225,9.623,August,Summer,0.543,0.536
2019-08-01,Vancouver,CAD_3,64815.0,78.81,both,49.28273,-123.120735,18.425,0.047,8.013,August,Summer,0.736,0.459
2019-08-01,Toronto,CAD_1,101937.0,72.74,both,43.65107,-79.347015,21.122,0.05,10.553,August,Summer,0.816,0.165
2019-08-01,Montreal,CAD_2,85844.0,96.26,real,45.50169,-73.567253,21.01,0.02,9.549,August,Summer,0.888,0.353
2019-08-01,Calgary,CAD_5,30050.0,96.26,real,51.04473,-114.071883,16.272,0.038,8.933,August,Summer,0.591,0.0
2019-09-01,Edmonton,CAD_4,43841.0,96.62,real,53.54613,-113.493823,16.272,0.038,8.933,Setember,Summer,0.504,0.431
2019-09-01,Calgary,CAD_5,72210.0,63.1,synthetic,51.04473,-114.071883,13.127,0.045,7.597,Setember,Summer,0.573,0.976
2019-09-01,Vancouver,CAD_3,50259.0,98.29,real,49.28273,-123.120735,15.832,0.179,7.455,Setember,Summer,0.661,0.175
2019-09-01,Toronto,CAD_1,109431.0,67.36,synthetic,43.65107,-79.347015,17.726,0.018,11.726,Setember,Summer,0.787,0.243
2019-09-01,Montreal,CAD_2,60548.0,97.15,real,45.50169,-73.567253,15.773,0.113,9.105,Setember,Summer,0.867,0.006
2019-10-01,Vancouver,CAD_3,52881.0,87.8,both,49.28273,-123.120735,8.947,0.189,8.577,October,Summer,0.676,0.226
2019-10-01,Montreal,CAD_2,98249.0,83.68,both,45.50169,-73.567253,9.054,0.188,9.627,October,Summer,0.867,0.523
2019-10-01,Calgary,CAD_5,66138.0,67.67,synthetic,51.04473,-114.071883,3.003,0.015,8.945,October,Summer,0.552,0.836
2019-10-01,Toronto,CAD_1,131515.0,61.18,synthetic,43.65107,-79.347015,12.007,0.249,15.488,October,Summer,0.778,0.472
2019-10-01,Edmonton,CAD_4,53778.0,98.99,real,53.54613,-113.493823,12.007,0.249,15.488,October,Summer,0.54,0.682
2019-11-01,Montreal,CAD_2,71957.0,65.22,synthetic,45.50169,-73.567253,-1.332,0.143,11.94,November,Summer,0.837,0.163
2019-11-01,Calgary,CAD_5,32853.0,73.92,both,51.04473,-114.071883,-0.722,0.038,8.447,November,Summer,0.557,0.065
2019-11-01,Vancouver,CAD_3,70708.0,71.68,both,49.28273,-123.120735,6.903,0.122,6.891,November,Summer,0.713,0.574
2019-11-01,Toronto,CAD_1,87865.0,99.63,real,43.65107,-79.347015,1.585,0.081,15.838,November,Summer,0.781,0.019
2019-11-01,Edmonton,CAD_4,54851.0,89.04,both,53.54613,-113.493823,1.585,0.081,15.838,November,Summer,0.549,0.709
2019-12-01,Toronto,CAD_1,176486.0,63.36,synthetic,43.65107,-79.347015,-1.11,0.122,15.063,December,Fall,0.767,0.939
2019-12-01,Edmonton,CAD_4,59028.0,91.54,real,53.54613,-113.493823,-1.11,0.122,15.063,December,Fall,0.507,0.814
2019-12-01,Montreal,CAD_2,99551.0,93.36,real,45.50169,-73.567253,-5.176,0.079,11.538,December,Fall,0.824,0.541
2019-12-01,Vancouver,CAD_3,59044.0,78.84,both,49.28273,-123.120735,5.391,0.294,7.874,December,Fall,0.687,0.346
2019-12-01,Calgary,CAD_5,58853.0,61.53,synthetic,51.04473,-114.071883,-5.016,0.011,7.35,December,Fall,0.629,0.667
2020-01-01,Vancouver,CAD_3,74370.0,81.08,both,49.28273,-123.120735,3.101,0.516,11.448,Janary,Winter,0.656,0.646
2020-01-01,Calgary,CAD_5,50648.0,71.04,both,51.04473,-114.071883,-12.633,0.025,6.686,Janary,Winter,0.605,0.477
2020-01-01,Toronto,CAD_1,137614.0,93.95,real,43.65107,-79.347015,-0.785,0.188,15.237,Janary,Winter,0.784,0.536
2020-01-01,Montreal,CAD_2,60550.0,71.61,both,45.50169,-73.567253,-6.526,0.153,9.978,Janary,Winter,0.821,0.006
2020-01-01,Edmonton,CAD_4,33924.0,78.04,both,53.54613,-113.493823,-6.526,0.153,9.978,Janary,Winter,0.525,0.18
2020-02-01,Calgary,CAD_5,49596.0,80.45,both,51.04473,-114.071883,-3.928,0.012,10.017,February,Winter,0.643,0.453
2020-02-01,Toronto,CAD_1,152212.0,67.14,synthetic,43.65107,-79.347015,-2.069,0.07,14.805,February,Winter,0.753,0.687
2020-02-01,Vancouver,CAD_3,78028.0,70.13,both,49.28273,-123.120735,1.802,0.164,8.568,February,Winter,0.657,0.717
2020-02-01,Edmonton,CAD_4,28988.0,73.93,both,53.54613,-113.493823,1.802,0.164,8.568,February,Winter,0.528,0.056
2020-02-01,Montreal,CAD_2,76337.0,71.03,both,45.50169,-73.567253,-7.049,0.123,11.255,February,Winter,0.81,0.223
2020-03-01,Calgary,CAD_5,57451.0,66.71,synthetic,51.04473,-114.071883,-5.66,0.051,10.216,March,Winter,0.646,0.635
2020-03-01,Toronto,CAD_1,161853.0,98.85,real,43.65107,-79.347015,2.29,0.063,15.282,March,Winter,0.812,0.787
2020-03-01,Edmonton,CAD_4,65818.0,90.03,real,53.54613,-113.493823,2.29,0.063,15.282,March,Winter,0.533,0.985
2020-03-01,Montreal,CAD_2,78315.0,62.67,synthetic,45.50169,-73.567253,-0.765,0.158,12.576,March,Winter,0.887,0.25
2020-03-01,Vancouver,CAD_3,91547.0,79.76,both,49.28273,-123.120735,2.174,0.038,9.541,March,Winter,0.708,0.981
2020-04-01,Vancouver,CAD_3,57733.0,82.24,both,49.28273,-123.120735,8.42,0.017,8.012,Apirl,Spring,0.747,0.321
2020-04-01,Calgary,CAD_5,46805.0,62.81,synthetic,51.04473,-114.071883,-0.397,0.025,9.626,Apirl,Spring,0.59,0.388
2020-04-01,Toronto,CAD_1,129640.0,80.1,both,43.65107,-79.347015,5.097,0.038,15.74,Apirl,Spring,0.763,0.453
2020-04-01,Edmonton,CAD_4,44075.0,97.65,real,53.54613,-113.493823,5.097,0.038,15.74,Apirl,Spring,0.591,0.437
2020-04-01,Montreal,CAD_2,127957.0,95.33,real,45.50169,-73.567253,4.5,0.105,14.307,Apirl,Spring,0.868,0.93
2020-05-01,Toronto,CAD_1,172238.0,96.78,real,43.65107,-79.347015,9.012,0.038,13.851,May,Spring,0.778,0.895
2020-05-01,Calgary,CAD_5,70507.0,95.4,real,51.04473,-114.071883,8.439,0.165,9.664,May,Spring,0.578,0.937
2020-05-01,Edmonton,CAD_4,45843.0,88.8,both,53.54613,-113.493823,8.439,0.165,9.664,May,Spring,0.516,0.481
2020-05-01,Vancouver,CAD_3,45363.0,71.02,both,49.28273,-123.120735,13.627,0.069,8.556,May,Spring,0.675,0.079
2020-05-01,Montreal,CAD_2,119383.0,84.75,both,45.50169,-73.567253,11.486,0.044,12.665,May,Spring,0.816,0.812
2020-06-01,Edmonton,CAD_4,48839.0,81.4,both,53.54613,-113.493823,11.486,0.044,12.665,June,Spring,0.585,0.557
2020-06-01,Calgary,CAD_5,65730.0,80.27,both,51.04473,-114.071883,14.264,0.051,10.646,June,Spring,0.628,0.826
2020-06-01,Toronto,CAD_1,144086.0,81.26,both,43.65107,-79.347015,17.97,0.031,10.791,June,Spring,0.841,0.603
2020-06-01,Vancouver,CAD_3,89872.0,76.81,both,49.28273,-123.120735,14.327,0.047,7.727,June,Spring,0.729,0.948
2020-06-01,Montreal,CAD_2,124620.0,69.19,synthetic,45.50169,-73.567253,19.908,0.001,9.94,June,Spring,0.836,0.884
2020-07-01,Toronto,CAD_1,162204.0,67.19,synthetic,43.65107,-79.347015,23.913,0.054,10.682,July,Spring,0.823,0.791
2020-07-01,Edmonton,CAD_4,53362.0,76.27,both,53.54613,-113.493823,23.913,0.054,10.682,July,Spring,0.556,0.671
2020-07-01,Calgary,CAD_5,60211.0,75.65,both,51.04473,-114.071883,16.206,0.191,9.285,July,Spring,0.574,0.699
2020-07-01,Montreal,CAD_2,127556.0,62.11,synthetic,45.50169,-73.567253,23.931,0.039,9.59,July,Spring,0.849,0.924
2020-07-01,Vancouver,CAD_3,66999.0,74.86,both,49.28273,-123.120735,16.638,0.008,7.784,July,Spring,0.746,0.502
2020-08-01,Edmonton,CAD_4,29405.0,88.14,both,53.54613,-113.493823,16.638,0.008,7.784,August,Summer,0.513,0.066
2020-08-01,Calgary,CAD_5,47719.0,79.68,both,51.04473,-114.071883,18.762,0.005,9.961,August,Summer,0.639,0.409
2020-08-01,Vancouver,CAD_3,71204.0,77.65,both,49.28273,-123.120735,18.275,0.051,8.432,August,Summer,0.715,0.584
2020-08-01,Montreal,CAD_2,132683.0,67.81,synthetic,45.50169,-73.567253,20.697,0.149,8.383,August,Summer,0.823,0.995
2020-08-01,Toronto,CAD_1,89975.0,77.55,both,43.65107,-79.347015,21.567,0.074,11.214,August,Summer,0.837,0.041
2020-09-01,Toronto,CAD_1,97413.0,89.47,both,43.65107,-79.347015,16.701,0.026,13.003,Setember,Summer,0.807,0.118
2020-09-01,Calgary,CAD_5,35418.0,79.71,both,51.04473,-114.071883,13.124,0.032,8.355,Setember,Summer,0.571,0.124
2020-09-01,Vancouver,CAD_3,43861.0,66.0,synthetic,49.28273,-123.120735,16.615,0.145,7.631,Setember,Summer,0.673,0.05
2020-09-01,Montreal,CAD_2,122249.0,61.54,synthetic,45.50169,-73.567253,13.662,0.029,9.458,Setember,Summer,0.842,0.852
2020-09-01,Edmonton,CAD_4,27318.0,63.36,synthetic,53.54613,-113.493823,13.662,0.029,9.458,Setember,Summer,0.516,0.014
2020-10-01,Calgary,CAD_5,37280.0,97.29,real,51.04473,-114.071883,3.709,0.049,8.863,October,Summer,0.556,0.167
2020-10-01,Toronto,CAD_1,120385.0,63.8,synthetic,43.65107,-79.347015,11.802,0.12,14.005,October,Summer,0.765,0.357
2020-10-01,Edmonton,CAD_4,28815.0,86.06,both,53.54613,-113.493823,11.802,0.12,14.005,October,Summer,0.563,0.052
2020-10-01,Montreal,CAD_2,100966.0,94.87,real,45.50169,-73.567253,10.047,0.129,9.792,October,Summer,0.884,0.56
2020-10-01,Vancouver,CAD_3,83032.0,86.91,both,49.28273,-123.120735,11.204,0.141,8.724,October,Summer,0.652,0.815
2020-11-01,Toronto,CAD_1,128809.0,69.68,synthetic,43.65107,-79.347015,7.37,0.064,15.952,November,Summer,0.772,0.444
2020-11-01,Montreal,CAD_2,85025.0,71.11,both,45.50169,-73.567253,5.349,0.061,11.812,November,Summer,0.836,0.342
2020-11-01,Calgary,CAD_5,70367.0,68.07,synthetic,51.04473,-114.071883,-1.129,0.013,8.848,November,Summer,0.575,0.934
2020-11-01,Vancouver,CAD_3,69140.0,81.53,both,49.28273,-123.120735,6.255,0.299,9.173,November,Summer,0.651,0.544
2020-11-01,Edmonton,CAD_4,54178.0,66.17,synthetic,53.54613,-113.493823,6.255,0.299,9.173,November,Summer,0.556,0.692
2020-12-01,Montreal,CAD_2,60076.0,67.74,synthetic,45.50169,-73.567253,-2.724,0.043,10.298,December,Fall,0.807,0.0
2020-12-01,Calgary,CAD_5,42154.0,67.64,synthetic,51.04473,-114.071883,-0.988,0.021,11.515,December,Fall,0.645,0.28
2020-12-01,Vancouver,CAD_3,87926.0,91.17,real,49.28273,-123.120735,5.356,0.343,8.076,December,Fall,0.704,0.91
2020-12-01,Toronto,CAD_1,114425.0,84.32,both,43.65107,-79.347015,0.234,0.045,16.365,December,Fall,0.8,0.295
2020-12-01,Edmonton,CAD_4,29626.0,60.92,synthetic,53.54613,-113.493823,0.234,0.045,16.365,December,Fall,0.52,0.072
2021-01-01,Toronto,CAD_1,133366.0,64.25,synthetic,43.65107,-79.347015,-0.247,0.03,14.787,Janary,Winter,0.783,0.491
2021-01-01,Vancouver,CAD_3,66434.0,68.82,synthetic,49.28273,-123.120735,5.657,0.407,8.992,Janary,Winter,0.691,0.491
2021-01-01,Calgary,CAD_5,53848.0,61.17,synthetic,51.04473,-114.071883,-0.786,0.0,13.097,Janary,Winter,0.647,0.551
2021-01-01,Montreal,CAD_2,94230.0,86.68,both,45.50169,-73.567253,-4.293,0.085,9.085,Janary,Winter,0.884,0.468
2021-01-01,Edmonton,CAD_4,52267.0,96.1,real,53.54613,-113.493823,-4.293,0.085,9.085,Janary,Winter,0.555,0.643
2021-02-01,Calgary,CAD_5,65956.0,96.27,real,51.04473,-114.071883,-13.281,0.007,10.421,February,Winter,0.578,0.832
2021-02-01,Montreal,CAD_2,84056.0,66.74,synthetic,45.50169,-73.567253,-8.285,0.052,10.252,February,Winter,0.821,0.329
2021-02-01,Vancouver,CAD_3,56670.0,95.44,real,49.28273,-123.120735,2.849,0.132,8.105,February,Winter,0.74,0.3
2021-02-01,Toronto,CAD_1,143173.0,94.77,real,43.65107,-79.347015,-5.515,0.041,17.678,February,Winter,0.772,0.593
2021-02-01,Edmonton,CAD_4,61546.0,91.83,real,53.54613,-113.493823,-5.515,0.041,17.678,February,Winter,0.571,0.878
2021-03-01,Edmonton,CAD_4,41046.0,60.22,synthetic,53.54613,-113.493823,-5.515,0.041,17.678,March,Winter,0.56,0.36
2021-03-01,Toronto,CAD_1,93455.0,67.46,synthetic,43.65107,-79.347015,1.321,0.0,15.853,March,Winter,0.847,0.077
2021-03-01,Montreal,CAD_2,84995.0,73.77,both,45.50169,-73.567253,-2.007,0.007,12.279,March,Winter,0.847,0.341
2021-03-01,Vancouver,CAD_3,48500.0,87.18,both,49.28273,-123.120735,6.163,0.062,8.626,March,Winter,0.675,0.141
2021-03-01,Calgary,CAD_5,42034.0,68.56,synthetic,51.04473,-114.071883,2.85,0.001,10.016,March,Winter,0.623,0.278
2021-04-01,Toronto,CAD_1,170587.0,86.15,both,43.65107,-79.347015,6.411,0.032,16.071,Apirl,Spring,0.758,0.878
2021-04-01,Montreal,CAD_2,123129.0,98.41,real,45.50169,-73.567253,7.302,0.061,11.018,Apirl,Spring,0.832,0.864
2021-04-01,Vancouver,CAD_3,89955.0,69.05,synthetic,49.28273,-123.120735,9.334,0.011,7.738,Apirl,Spring,0.684,0.95
2021-04-01,Calgary,CAD_5,54988.0,78.57,both,51.04473,-114.071883,4.377,0.005,11.586,Apirl,Spring,0.567,0.578
2021-04-01,Edmonton,CAD_4,60106.0,62.12,synthetic,53.54613,-113.493823,4.628,0.03,12.675,Apirl,Spring,0.566,0.841
2021-05-01,Vancouver,CAD_3,43036.0,86.44,both,49.28273,-123.120735,11.954,0.039,7.989,May,Spring,0.734,0.034
2021-05-01,Edmonton,CAD_4,62626.0,70.81,both,53.54613,-113.493823,9.225,0.103,12.734,May,Spring,0.503,0.905
2021-05-01,Montreal,CAD_2,90676.0,98.95,real,45.50169,-73.567253,14.051,0.021,9.965,May,Spring,0.805,0.419
2021-05-01,Calgary,CAD_5,56317.0,97.75,real,51.04473,-114.071883,8.654,0.003,11.079,May,Spring,0.63,0.608
2021-05-01,Toronto,CAD_1,114213.0,78.64,both,43.65107,-79.347015,12.884,0.017,11.851,May,Spring,0.761,0.293
2021-06-01,Edmonton,CAD_4,52422.0,86.87,both,53.54613,-113.493823,15.391,0.083,13.028,June,Spring,0.539,0.647
2021-06-01,Vancouver,CAD_3,62433.0,65.57,synthetic,49.28273,-123.120735,15.893,0.055,7.023,June,Spring,0.7,0.413
2021-06-01,Calgary,CAD_5,66466.0,70.89,both,51.04473,-114.071883,16.765,0.004,11.99,June,Spring,0.595,0.843
2021-06-01,Toronto,CAD_1,86023.0,61.73,synthetic,43.65107,-79.347015,19.287,0.036,12.31,June,Spring,0.798,0.0
2021-06-01,Montreal,CAD_2,74063.0,94.69,real,45.50169,-73.567253,19.894,0.14,10.886,June,Spring,0.818,0.192
2021-07-01,Toronto,CAD_1,132566.0,64.3,synthetic,43.65107,-79.347015,20.795,0.016,12.512,July,Spring,0.821,0.483
2021-07-01,Edmonton,CAD_4,47274.0,87.0,both,53.54613,-113.493823,19.492,0.05,13.263,July,Spring,0.525,0.517
2021-07-01,Montreal,CAD_2,121038.0,89.3,both,45.50169,-73.567253,19.753,0.076,8.567,July,Spring,0.887,0.835
2021-07-01,Vancouver,CAD_3,75346.0,96.53,real,49.28273,-123.120735,18.864,0.0,7.806,July,Spring,0.699,0.665
2021-07-01,Calgary,CAD_5,34822.0,60.14,synthetic,51.04473,-114.071883,20.273,0.025,9.439,July,Spring,0.555,0.111
2021-08-01,Montreal,CAD_2,100907.0,92.24,real,45.50169,-73.567253,22.102,0.013,7.969,August,Summer,0.877,0.559
2021-08-01,Edmonton,CAD_4,49069.0,96.14,real,53.54613,-113.493823,19.51,0.049,14.358,August,Summer,0.547,0.563
2021-08-01,Vancouver,CAD_3,90940.0,74.9,both,49.28273,-123.120735,19.499,0.018,6.494,August,Summer,0.736,0.969
2021-08-01,Calgary,CAD_5,64314.0,95.5,real,51.04473,-114.071883,18.477,0.064,10.573,August,Summer,0.589,0.794
2021-08-01,Toronto,CAD_1,107172.0,85.85,both,43.65107,-79.347015,22.66,0.097,11.367,August,Summer,0.765,0.22
2021-09-01,Montreal,CAD_2,116198.0,84.99,both,45.50169,-73.567253,16.996,0.068,8.809,Setember,Summer,0.825,0.769
2021-09-01,Edmonton,CAD_4,58858.0,77.48,both,53.54613,-113.493823,12.858,0.04,14.304,Setember,Summer,0.59,0.81
2021-09-01,Vancouver,CAD_3,89901.0,92.07,real,49.28273,-123.120735,14.966,0.155,6.638,Setember,Summer,0.682,0.949
2021-09-01,Calgary,CAD_5,63576.0,91.84,real,51.04473,-114.071883,13.239,0.001,10.208,Setember,Summer,0.593,0.776
2021-09-01,Toronto,CAD_1,148661.0,61.1,synthetic,43.65107,-79.347015,18.866,0.255,13.039,Setember,Summer,0.812,0.65
2021-10-01,Edmonton,CAD_4,39724.0,75.87,both,53.54613,-113.493823,6.365,0.026,13.282,October,Summer,0.547,0.327
2021-10-01,Vancouver,CAD_3,66101.0,82.42,both,49.28273,-123.120735,9.823,0.351,8.388,October,Summer,0.701,0.484
2021-10-01,Toronto,CAD_1,113498.0,74.76,both,43.65107,-79.347015,15.069,0.142,12.284,October,Summer,0.767,0.285
2021-10-01,Calgary,CAD_5,63568.0,89.47,both,51.04473,-114.071883,6.692,0.023,10.394,October,Summer,0.601,0.776
2021-10-01,Montreal,CAD_2,72130.0,92.26,real,45.50169,-73.567253,12.728,0.063,7.76,October,Summer,0.852,0.165
2021-11-01,Montreal,CAD_2,66343.0,70.2,both,45.50169,-73.567253,3.762,0.074,9.87,November,Summer,0.812,0.086
2021-11-01,Calgary,CAD_5,44300.0,66.87,synthetic,51.04473,-114.071883,1.068,0.001,11.302,November,Summer,0.555,0.33
2021-11-01,Edmonton,CAD_4,33933.0,86.58,both,53.54613,-113.493823,-1.182,0.046,12.285,November,Summer,0.522,0.181
2021-11-01,Vancouver,CAD_3,79637.0,82.09,both,49.28273,-123.120735,6.927,0.42,9.898,November,Summer,0.672,0.749
2021-11-01,Toronto,CAD_1,128425.0,68.03,synthetic,43.65107,-79.347015,5.779,0.024,14.916,November,Summer,0.769,0.44
2021-12-01,Edmonton,CAD_4,55914.0,88.63,both,53.54613,-113.493823,-12.008,0.054,11.553,December,Fall,0.564,0.735
2021-12-01,Toronto,CAD_1,113199.0,85.2,both,43.65107,-79.347015,1.902,0.069,18.438,December,Fall,0.775,0.282
2021-12-01,Montreal,CAD_2,108844.0,89.83,both,45.50169,-73.567253,-2.586,0.084,13.143,December,Fall,0.849,0.668
2021-12-01,Calgary,CAD_5,52353.0,88.32,both,51.04473,-114.071883,-8.118,0.007,9.933,December,Fall,0.602,0.517
2021-12-01,Vancouver,CAD_3,70457.0,98.43,real,49.28273,-123.120735,3.075,0.324,9.032,December,Fall,0.679,0.569
2022-01-01,Montreal,CAD_2,110932.0,88.78,both,45.50169,-73.567253,-11.788,0.074,10.585,Janary,Winter,0.9,0.697
2022-01-01,Vancouver,CAD_3,50273.0,68.76,synthetic,49.28273,-123.120735,3.987,0.301,9.017,Janary,Winter,0.706,0.175
2022-01-01,Toronto,CAD_1,124323.0,88.17,both,43.65107,-79.347015,-5.393,0.088,17.878,Janary,Winter,0.784,0.398
2022-01-01,Calgary,CAD_5,70863.0,62.63,synthetic,51.04473,-114.071883,-7.518,0.0,13.748,Janary,Winter,0.574,0.945
2022-01-01,Edmonton,CAD_4,40354.0,63.37,synthetic,53.54613,-113.493823,-13.47,0.063,11.562,Janary,Winter,0.539,0.343
2022-02-01,Toronto,CAD_1,131278.0,73.83,both,43.65107,-79.347015,-2.454,0.094,18.659,February,Winter,0.807,0.47
2022-02-01,Edmonton,CAD_4,34538.0,71.63,both,53.54613,-113.493823,-9.023,0.045,14.294,February,Winter,0.581,0.196
2022-02-01,Montreal,CAD_2,113553.0,97.9,real,45.50169,-73.567253,-6.893,0.158,12.703,February,Winter,0.884,0.733
2022-02-01,Calgary,CAD_5,58641.0,83.14,both,51.04473,-114.071883,-4.312,0.007,14.96,February,Winter,0.625,0.662
2022-02-01,Vancouver,CAD_3,59712.0,62.73,synthetic,49.28273,-123.120735,3.845,0.034,6.638,February,Winter,0.7,0.359
2022-03-01,Montreal,CAD_2,112696.0,91.04,real,45.50169,-73.567253,-1.66,0.089,11.067,March,Winter,0.824,0.721
2022-03-01,Edmonton,CAD_4,47060.0,99.55,real,53.54613,-113.493823,-5.29,0.027,12.0,March,Winter,0.551,0.512
2022-03-01,Toronto,CAD_1,116573.0,84.65,both,43.65107,-79.347015,1.199,0.052,15.916,March,Winter,0.821,0.317
2022-03-01,Calgary,CAD_5,70505.0,74.59,both,51.04473,-114.071883,-0.466,0.0,12.487,March,Winter,0.594,0.937
2022-03-01,Vancouver,CAD_3,47690.0,97.04,real,49.28273,-123.120735,5.321,0.168,8.409,March,Winter,0.741,0.125
2022-04-01,Vancouver,CAD_3,68999.0,92.42,real,49.28273,-123.120735,7.018,0.09,9.414,Apirl,Spring,0.712,0.541
2022-04-01,Montreal,CAD_2,69684.0,80.84,both,45.50169,-73.567253,5.286,0.163,11.324,Apirl,Spring,0.891,0.132
2022-04-01,Calgary,CAD_5,48773.0,95.39,real,51.04473,-114.071883,0.881,0.015,13.252,Apirl,Spring,0.561,0.434
2022-04-01,Toronto,CAD_1,131366.0,96.04,real,43.65107,-79.347015,5.492,0.041,16.982,Apirl,Spring,0.76,0.471
2022-04-01,Edmonton,CAD_4,63980.0,71.12,both,53.54613,-113.493823,0.935,0.034,16.151,Apirl,Spring,0.576,0.939
2022-05-01,Calgary,CAD_5,42925.0,76.83,both,51.04473,-114.071883,8.89,0.043,11.543,May,Spring,0.569,0.298
2022-05-01,Montreal,CAD_2,112040.0,76.96,both,45.50169,-73.567253,15.567,0.058,9.899,May,Spring,0.881,0.712
2022-05-01,Toronto,CAD_1,147537.0,91.68,real,43.65107,-79.347015,12.419,0.043,14.47,May,Spring,0.766,0.639
2022-05-01,Edmonton,CAD_4,34030.0,69.51,synthetic,53.54613,-113.493823,8.853,0.045,15.003,May,Spring,0.581,0.183
2022-05-01,Vancouver,CAD_3,52866.0,60.44,synthetic,49.28273,-123.120735,10.142,0.092,8.335,May,Spring,0.697,0.226
2022-06-01,Calgary,CAD_5,45425.0,83.75,both,51.04473,-114.071883,14.158,0.089,12.318,June,Spring,0.614,0.356
2022-06-01,Montreal,CAD_2,99438.0,70.12,both,45.50169,-73.567253,17.646,0.277,10.768,June,Spring,0.898,0.539
2022-06-01,Edmonton,CAD_4,37789.0,66.56,synthetic,53.54613,-113.493823,14.127,0.176,13.553,June,Spring,0.551,0.278
2022-06-01,Toronto,CAD_1,102796.0,76.94,both,43.65107,-79.347015,18.241,0.092,13.482,June,Spring,0.826,0.174
2022-06-01,Vancouver,CAD_3,47679.0,64.31,synthetic,49.28273,-123.120735,14.628,0.078,8.04,June,Spring,0.738,0.125
2022-07-01,Toronto,CAD_1,120023.0,72.33,both,43.65107,-79.347015,21.592,0.046,11.766,July,Spring,0.83,0.353
2022-07-01,Edmonton,CAD_4,54965.0,68.52,synthetic,53.54613,-113.493823,16.456,0.08,10.345,July,Spring,0.576,0.712
2022-07-01,Montreal,CAD_2,92291.0,73.13,both,45.50169,-73.567253,21.515,0.136,10.306,July,Spring,0.817,0.441
2022-07-01,Vancouver,CAD_3,45809.0,61.36,synthetic,49.28273,-123.120735,17.761,0.018,6.83,July,Spring,0.741,0.088
2022-07-01,Calgary,CAD_5,67089.0,99.99,real,51.04473,-114.071883,18.203,0.001,9.724,July,Spring,0.55,0.858
2022-08-01,Edmonton,CAD_4,30557.0,63.12,synthetic,53.54613,-113.493823,18.909,0.039,11.544,August,Summer,0.526,0.095
2022-08-01,Montreal,CAD_2,127659.0,61.45,synthetic,45.50169,-73.567253,20.689,0.228,7.681,August,Summer,0.878,0.926
2022-08-01,Vancouver,CAD_3,87397.0,84.38,both,49.28273,-123.120735,20.055,0.001,6.704,August,Summer,0.727,0.9
2022-08-01,Calgary,CAD_5,33710.0,80.41,both,51.04473,-114.071883,20.822,0.023,10.822,August,Summer,0.553,0.085
2022-08-01,Toronto,CAD_1,149711.0,72.41,both,43.65107,-79.347015,21.997,0.238,10.447,August,Summer,0.819,0.661
2022-09-01,Calgary,CAD_5,33242.0,61.63,synthetic,51.04473,-114.071883,14.909,0.001,10.002,Setember,Summer,0.64,0.074
2022-09-01,Montreal,CAD_2,74066.0,81.21,both,45.50169,-73.567253,16.131,0.187,8.6,Setember,Summer,0.803,0.192
2022-09-01,Vancouver,CAD_3,67751.0,60.68,synthetic,49.28273,-123.120735,16.969,0.005,7.888,Setember,Summer,0.672,0.516
2022-09-01,Toronto,CAD_1,132223.0,81.85,both,43.65107,-79.347015,18.445,0.003,11.945,Setember,Summer,0.772,0.48
2022-09-01,Edmonton,CAD_4,31526.0,74.81,both,53.54613,-113.493823,15.177,0.009,13.557,Setember,Summer,0.6,0.12
2022-10-01,Edmonton,CAD_4,26774.0,86.38,both,53.54613,-113.493823,11.018,0.008,12.2,October,Summer,0.582,0.0
2022-10-01,Toronto,CAD_1,100672.0,90.73,real,43.65107,-79.347015,10.026,0.178,12.369,October,Summer,0.78,0.152
2022-10-01,Vancouver,CAD_3,73941.0,76.08,both,49.28273,-123.120735,13.121,0.004,5.341,October,Summer,0.695,0.637
2022-10-01,Montreal,CAD_2,91254.0,63.02,synthetic,45.50169,-73.567253,9.721,0.039,8.276,October,Summer,0.853,0.427
2022-10-01,Calgary,CAD_5,56104.0,99.89,real,51.04473,-114.071883,10.537,0.033,9.525,October,Summer,0.606,0.603
2022-11-01,Calgary,CAD_5,41763.0,91.18,real,51.04473,-114.071883,-5.394,0.029,13.426,November,Summer,0.643,0.271
2022-11-01,Vancouver,CAD_3,68281.0,97.49,real,49.28273,-123.120735,3.486,0.14,6.794,November,Summer,0.745,0.527
2022-11-01,Montreal,CAD_2,85734.0,95.16,real,45.50169,-73.567253,4.815,0.229,9.251,November,Summer,0.882,0.351
2022-11-01,Edmonton,CAD_4,57917.0,79.56,both,53.54613,-113.493823,-7.587,0.043,11.085,November,Summer,0.544,0.786
2022-11-01,Toronto,CAD_1,100832.0,67.85,synthetic,43.65107,-79.347015,5.662,0.047,14.425,November,Summer,0.79,0.154
2022-12-01,Vancouver,CAD_3,41300.0,79.87,both,49.28273,-123.120735,-0.759,0.116,7.149,December,Fall,0.686,0.0
2022-12-01,Calgary,CAD_5,43932.0,89.68,both,51.04473,-114.071883,-14.267,0.007,10.975,December,Fall,0.563,0.322
2022-12-01,Edmonton,CAD_4,66395.0,82.41,both,53.54613,-113.493823,-18.15,0.028,8.422,December,Fall,0.592,1.0
2022-12-01,Montreal,CAD_2,80250.0,92.39,real,45.50169,-73.567253,-1.521,0.155,12.284,December,Fall,0.889,0.276
2022-12-01,Toronto,CAD_1,132892.0,89.18,both,43.65107,-79.347015,0.728,0.103,17.15,December,Fall,0.827,0.487
2023-01-01,Vancouver,CAD_3,46306.0,72.36,both,49.28273,-123.120735,5.502,0.183,9.453,Janary,Winter,0.733,0.098
2023-01-01,Edmonton,CAD_4,39973.0,75.88,both,53.54613,-113.493823,-7.691,0.009,6.377,Janary,Winter,0.555,0.333
2023-01-01,Toronto,CAD_1,153418.0,64.72,synthetic,43.65107,-79.347015,0.414,0.118,13.913,Janary,Winter,0.811,0.7
2023-01-01,Calgary,CAD_5,66376.0,79.71,both,51.04473,-114.071883,-1.91,0.001,9.207,Janary,Winter,0.622,0.841
2023-01-01,Montreal,CAD_2,121158.0,71.96,both,45.50169,-73.567253,-3.401,0.117,9.452,Janary,Winter,0.838,0.837
2023-02-01,Calgary,CAD_5,45938.0,90.3,real,51.04473,-114.071883,-2.801,0.019,12.269,February,Winter,0.576,0.368
2023-02-01,Toronto,CAD_1,148987.0,89.97,both,43.65107,-79.347015,-0.448,0.121,17.746,February,Winter,0.78,0.654
2023-02-01,Edmonton,CAD_4,57114.0,83.71,both,53.54613,-113.493823,-6.854,0.021,9.205,February,Winter,0.599,0.766
2023-02-01,Vancouver,CAD_3,67401.0,95.17,real,49.28273,-123.120735,3.572,0.188,8.43,February,Winter,0.704,0.51
2023-02-01,Montreal,CAD_2,115807.0,72.39,both,45.50169,-73.567253,-5.781,0.067,11.168,February,Winter,0.898,0.763
2023-03-01,Vancouver,CAD_3,42538.0,92.65,real,49.28273,-123.120735,5.394,0.062,7.525,March,Winter,0.711,0.024
2023-03-01,Toronto,CAD_1,151544.0,61.79,synthetic,43.65107,-79.347015,0.937,0.112,17.133,March,Winter,0.783,0.68
2023-03-01,Montreal,CAD_2,110314.0,95.39,real,45.50169,-73.567253,-0.763,0.093,11.211,March,Winter,0.821,0.688
2023-03-01,Edmonton,CAD_4,39898.0,69.4,synthetic,53.54613,-113.493823,-9.182,0.009,8.433,March,Winter,0.522,0.331
2023-03-01,Calgary,CAD_5,47970.0,99.81,real,51.04473,-114.071883,-7.476,0.006,9.32,March,Winter,0.609,0.415
2023-04-01,Montreal,CAD_2,132941.0,83.85,both,45.50169,-73.567253,6.916,0.093,12.24,Apirl,Spring,0.807,0.998
2023-04-01,Vancouver,CAD_3,92517.0,85.71,both,49.28273,-123.120735,6.872,0.158,10.06,Apirl,Spring,0.691,1.0
2023-04-01,Edmonton,CAD_4,65885.0,68.11,synthetic,53.54613,-113.493823,3.407,0.05,9.917,Apirl,Spring,0.57,0.987
2023-04-01,Calgary,CAD_5,70366.0,86.65,both,51.04473,-114.071883,3.668,0.003,10.489,Apirl,Spring,0.59,0.934
2023-04-01,Toronto,CAD_1,116070.0,72.32,both,43.65107,-79.347015,7.687,0.097,14.541,Apirl,Spring,0.814,0.312
2023-05-01,Toronto,CAD_1,170086.0,88.23,both,43.65107,-79.347015,11.68,0.04,11.345,May,Spring,0.844,0.873
2023-05-01,Edmonton,CAD_4,29188.0,98.47,real,53.54613,-113.493823,16.449,0.059,11.951,May,Spring,0.568,0.061
2023-05-01,Calgary,CAD_5,47909.0,94.69,real,51.04473,-114.071883,15.028,0.021,10.6,May,Spring,0.614,0.414
2023-05-01,Montreal,CAD_2,77371.0,71.38,both,45.50169,-73.567253,12.292,0.058,11.668,May,Spring,0.847,0.237
2023-05-01,Vancouver,CAD_3,86722.0,64.03,synthetic,49.28273,-123.120735,15.41,0.017,7.356,May,Spring,0.681,0.887
2023-06-01,Toronto,CAD_1,174336.0,94.55,real,43.65107,-79.347015,17.889,0.085,12.412,June,Spring,0.804,0.917
2023-06-01,Vancouver,CAD_3,64587.0,94.22,real,49.28273,-123.120735,15.657,0.012,8.078,June,Spring,0.673,0.455
2023-06-01,Edmonton,CAD_4,29013.0,84.19,both,53.54613,-113.493823,16.931,0.341,11.17,June,Spring,0.535,0.057
2023-06-01,Calgary,CAD_5,41847.0,87.38,both,51.04473,-114.071883,16.129,0.049,12.692,June,Spring,0.572,0.273
2023-06-01,Montreal,CAD_2,72992.0,95.51,real,45.50169,-73.567253,18.274,0.107,8.75,June,Spring,0.878,0.177
2023-07-01,Vancouver,CAD_3,64881.0,96.54,real,49.28273,-123.120735,19.812,0.0,7.779,July,Spring,0.662,0.46
2023-07-01,Calgary,CAD_5,65910.0,62.36,synthetic,51.04473,-114.071883,18.102,0.098,9.94,July,Spring,0.615,0.831
2023-07-01,Montreal,CAD_2,108636.0,94.84,real,45.50169,-73.567253,22.224,0.712,6.735,July,Spring,0.899,0.665
2023-07-01,Edmonton,CAD_4,45613.0,82.12,both,53.54613,-113.493823,18.446,0.16,8.727,July,Spring,0.59,0.475
2023-07-01,Toronto,CAD_1,93382.0,62.91,synthetic,43.65107,-79.347015,21.507,0.041,9.819,July,Spring,0.823,0.076
2023-08-01,Edmonton,CAD_4,37032.0,70.7,both,53.54613,-113.493823,17.172,0.141,9.028,August,Summer,0.582,0.259
2023-08-01,Calgary,CAD_5,36867.0,66.43,synthetic,51.04473,-114.071883,18.463,0.0,9.233,August,Summer,0.568,0.158
2023-08-01,Vancouver,CAD_3,41550.0,90.46,real,49.28273,-123.120735,19.232,0.001,7.162,August,Summer,0.724,0.005
2023-08-01,Montreal,CAD_2,118483.0,98.9,real,45.50169,-73.567253,19.446,0.038,8.211,August,Summer,0.894,0.8
2023-08-01,Toronto,CAD_1,112911.0,67.61,synthetic,43.65107,-79.347015,20.344,0.019,11.937,August,Summer,0.81,0.279
2023-09-01,Edmonton,CAD_4,43374.0,90.75,real,53.54613,-113.493823,13.58,0.013,9.29,Setember,Summer,0.562,0.419
2023-09-01,Montreal,CAD_2,102404.0,83.26,both,45.50169,-73.567253,18.315,0.036,7.17,Setember,Summer,0.889,0.58
2023-09-01,Toronto,CAD_1,107353.0,73.31,both,43.65107,-79.347015,18.261,0.005,10.217,Setember,Summer,0.808,0.221
2023-09-01,Calgary,CAD_5,33329.0,80.53,both,51.04473,-114.071883,14.139,0.003,9.267,Setember,Summer,0.624,0.076
2023-09-01,Vancouver,CAD_3,44952.0,94.02,real,49.28273,-123.120735,15.91,0.018,6.552,Setember,Summer,0.731,0.071
2023-10-01,Calgary,CAD_5,63425.0,86.16,both,51.04473,-114.071883,9.143,0.016,9.607,October,Summer,0.63,0.773
2023-10-01,Toronto,CAD_1,118796.0,68.88,synthetic,43.65107,-79.347015,12.327,0.045,12.201,October,Summer,0.793,0.34
2023-10-01,Edmonton,CAD_4,51688.0,84.57,both,53.54613,-113.493823,8.69,0.017,10.623,October,Summer,0.56,0.629
2023-10-01,Vancouver,CAD_3,72304.0,61.26,synthetic,49.28273,-123.120735,12.897,0.152,7.216,October,Summer,0.663,0.605
2023-10-01,Montreal,CAD_2,82584.0,76.5,both,45.50169,-73.567253,13.033,0.203,8.587,October,Summer,0.884,0.308
2023-11-01,Vancouver,CAD_3,58775.0,64.99,synthetic,49.28273,-123.120735,7.599,0.128,7.891,November,Summer,0.659,0.341
2023-11-01,Edmonton,CAD_4,53539.0,67.21,synthetic,53.54613,-113.493823,0.514,0.005,8.448,November,Summer,0.552,0.676
2023-11-01,Montreal,CAD_2,89949.0,89.6,both,45.50169,-73.567253,2.286,0.062,9.427,November,Summer,0.856,0.409
2023-11-01,Toronto,CAD_1,94066.0,98.42,real,43.65107,-79.347015,5.105,0.05,13.819,November,Summer,0.841,0.083
2023-11-01,Calgary,CAD_5,70282.0,64.55,synthetic,51.04473,-114.071883,2.922,0.0,10.791,November,Summer,0.559,0.932
2023-12-01,Toronto,CAD_1,176970.0,73.11,both,43.65107,-79.347015,2.624,0.089,14.874,December,Fall,0.755,0.944
2023-12-01,Edmonton,CAD_4,48635.0,83.18,both,53.54613,-113.493823,-3.096,0.015,8.031,December,Fall,0.541,0.552
2023-12-01,Vancouver,CAD_3,55551.0,73.53,both,49.28273,-123.120735,6.545,0.257,7.326,December,Fall,0.72,0.278
2023-12-01,Calgary,CAD_5,45646.0,70.06,both,51.04473,-114.071883,0.156,0.024,9.107,December,Fall,0.574,0.361
2023-12-01,Montreal,CAD_2,103207.0,73.76,both,45.50169,-73.567253,-1.851,0.156,10.152,December,Fall,0.883,0.591
2024-01-01,Montreal,CAD_2,104218.0,65.32,synthetic,45.50169,-73.567253,-6.351,0.108,12.585,Janary,Winter,0.821,0.605
2024-01-01,Edmonton,CAD_4,65677.0,73.6,both,53.54613,-113.493823,-18.2,0.028,7.319,Janary,Winter,0.506,0.982
2024-01-01,Calgary,CAD_5,47654.0,76.89,both,51.04473,-114.071883,-13.987,0.012,7.828,Janary,Winter,0.647,0.408
2024-01-01,Toronto,CAD_1,90403.0,84.24,both,43.65107,-79.347015,-3.039,0.1,19.014,Janary,Winter,0.754,0.045
2024-01-01,Vancouver,CAD_3,77263.0,81.89,both,49.28273,-123.120735,1.46,0.236,7.126,Janary,Winter,0.678,0.702
2024-02-01,Toronto,CAD_1,174361.0,79.82,both,43.65107,-79.347015,0.75,0.013,12.661,February,Winter,0.799,0.917
2024-02-01,Montreal,CAD_2,82202.0,70.59,both,45.50169,-73.567253,-2.88,0.03,9.225,February,Winter,0.871,0.303
2024-02-01,Calgary,CAD_5,58018.0,62.98,synthetic,51.04473,-114.071883,-2.656,0.014,8.942,February,Winter,0.581,0.648
2024-02-01,Vancouver,CAD_3,65031.0,78.53,both,49.28273,-123.120735,5.749,0.06,6.203,February,Winter,0.657,0.463
2024-02-01,Edmonton,CAD_4,33295.0,90.25,real,53.54613,-113.493823,-4.777,0.022,6.926,February,Winter,0.525,0.165
2024-03-01,Edmonton,CAD_4,27199.0,63.19,synthetic,53.54613,-113.493823,-6.057,0.017,9.646,March,Winter,0.581,0.011
2024-03-01,Vancouver,CAD_3,50327.0,99.86,real,49.28273,-123.120735,5.635,0.082,8.062,March,Winter,0.701,0.176
2024-03-01,Montreal,CAD_2,74097.0,85.26,both,45.50169,-73.567253,1.11,0.107,11.671,March,Winter,0.9,0.192
2024-03-01,Calgary,CAD_5,49329.0,85.33,both,51.04473,-114.071883,-3.935,0.085,9.139,March,Winter,0.632,0.447
2024-03-01,Toronto,CAD_1,94359.0,95.06,real,43.65107,-79.347015,3.356,0.064,15.464,March,Winter,0.758,0.087
2024-04-01,Edmonton,CAD_4,29099.0,89.33,both,53.54613,-113.493823,5.279,0.012,12.516,Apirl,Spring,0.551,0.059
2024-04-01,Toronto,CAD_1,101525.0,75.99,both,43.65107,-79.347015,7.098,0.176,17.709,Apirl,Spring,0.797,0.161
2024-04-01,Calgary,CAD_5,35620.0,62.94,synthetic,51.04473,-114.071883,5.075,0.051,12.679,Apirl,Spring,0.574,0.129
2024-04-01,Vancouver,CAD_3,90483.0,82.54,both,49.28273,-123.120735,8.904,0.051,8.341,Apirl,Spring,0.705,0.96
2024-04-01,Montreal,CAD_2,60556.0,72.95,both,45.50169,-73.567253,6.764,0.149,12.475,Apirl,Spring,0.816,0.007
2024-05-01,Montreal,CAD_2,69325.0,80.84,both,45.50169,-73.567253,15.478,0.054,9.035,May,Spring,0.881,0.127
2024-05-01,Toronto,CAD_1,93892.0,93.49,real,43.65107,-79.347015,14.569,0.013,11.397,May,Spring,0.833,0.082
2024-05-01,Edmonton,CAD_4,54786.0,61.67,synthetic,53.54613,-113.493823,9.801,0.149,11.699,May,Spring,0.57,0.707
2024-05-01,Vancouver,CAD_3,62074.0,98.81,real,49.28273,-123.120735,12.507,0.069,8.241,May,Spring,0.656,0.406
2024-05-01,Calgary,CAD_5,57835.0,65.27,synthetic,51.04473,-114.071883,9.004,0.061,12.883,May,Spring,0.588,0.644
2024-06-01,Calgary,CAD_5,49340.0,60.08,synthetic,51.04473,-114.071883,13.481,0.022,11.902,June,Spring,0.602,0.447
2024-06-01,Toronto,CAD_1,138061.0,89.08,both,43.65107,-79.347015,18.425,0.055,12.134,June,Spring,0.85,0.54
2024-06-01,Edmonton,CAD_4,62319.0,80.79,both,53.54613,-113.493823,13.431,0.095,11.95,June,Spring,0.569,0.897
2024-06-01,Vancouver,CAD_3,68370.0,64.1,synthetic,49.28273,-123.120735,14.674,0.056,7.91,June,Spring,0.745,0.529
2024-06-01,Montreal,CAD_2,124347.0,67.14,synthetic,45.50169,-73.567253,20.599,0.149,8.896,June,Spring,0.872,0.88
2024-07-01,Toronto,CAD_1,139009.0,99.48,real,43.65107,-79.347015,21.601,0.107,9.613,July,Spring,0.798,0.55
2024-07-01,Edmonton,CAD_4,41269.0,77.22,both,53.54613,-113.493823,21.682,0.026,9.044,July,Spring,0.556,0.366
2024-07-01,Vancouver,CAD_3,90955.0,79.83,both,49.28273,-123.120735,19.812,0.0,6.868,July,Spring,0.745,0.97
2024-07-01,Calgary,CAD_5,43901.0,97.73,real,51.04473,-114.071883,21.14,0.043,10.739,July,Spring,0.613,0.321
2024-07-01,Montreal,CAD_2,133073.0,74.15,both,45.50169,-73.567253,22.329,0.064,9.312,July,Spring,0.849,1.0
2024-08-01,Montreal,CAD_2,64972.0,85.44,both,45.50169,-73.567253,20.257,0.183,8.17,August,Summer,0.878,0.067
2024-08-01,Vancouver,CAD_3,74733.0,78.56,both,49.28273,-123.120735,19.27,0.027,6.38,August,Summer,0.71,0.653
2024-08-01,Calgary,CAD_5,31454.0,91.25,real,51.04473,-114.071883,17.89,0.051,9.371,August,Summer,0.62,0.033
2024-08-01,Edmonton,CAD_4,28209.0,78.34,both,53.54613,-113.493823,18.124,0.045,8.666,August,Summer,0.564,0.036
2024-08-01,Toronto,CAD_1,153790.0,97.07,real,43.65107,-79.347015,20.829,0.038,12.475,August,Summer,0.776,0.703
2024-09-01,Vancouver,CAD_3,79905.0,85.68,both,49.28273,-123.120735,16.135,0.03,6.146,Setember,Summer,0.689,0.754
2024-09-01,Montreal,CAD_2,132690.0,74.62,both,45.50169,-73.567253,18.118,0.025,8.604,Setember,Summer,0.885,0.995
2024-09-01,Edmonton,CAD_4,59747.0,97.62,real,53.54613,-113.493823,14.687,0.04,8.377,Setember,Summer,0.543,0.832
2024-09-01,Calgary,CAD_5,34125.0,68.96,synthetic,51.04473,-114.071883,14.866,0.045,9.52,Setember,Summer,0.588,0.094
2024-09-01,Toronto,CAD_1,135617.0,94.64,real,43.65107,-79.347015,18.314,0.028,10.894,Setember,Summer,0.837,0.515
2024-10-01,Calgary,CAD_5,36072.0,96.97,real,51.04473,-114.071883,8.276,0.009,9.781,October,Summer,0.594,0.139
2024-10-01,Toronto,CAD_1,153380.0,84.18,both,43.65107,-79.347015,12.543,0.008,12.072,October,Summer,0.8,0.699
2024-10-01,Vancouver,CAD_3,61392.0,82.7,both,49.28273,-123.120735,11.332,0.33,6.844,October,Summer,0.733,0.392
2024-10-01,Edmonton,CAD_4,48710.0,94.1,real,53.54613,-113.493823,6.901,0.017,9.122,October,Summer,0.522,0.554
2024-10-01,Montreal,CAD_2,60466.0,60.04,synthetic,45.50169,-73.567253,11.29,0.017,9.609,October,Summer,0.825,0.005
2024-11-01,Toronto,CAD_1,97569.0,63.12,synthetic,43.65107,-79.347015,8.19,0.029,14.503,November,Summer,0.801,0.12
2024-11-01,Calgary,CAD_5,48019.0,97.46,real,51.04473,-114.071883,0.062,0.061,8.803,November,Summer,0.637,0.416
2024-11-01,Edmonton,CAD_4,55940.0,63.44,synthetic,53.54613,-113.493823,-1.645,0.032,7.924,November,Summer,0.567,0.736
2024-11-01,Montreal,CAD_2,60941.0,81.16,both,45.50169,-73.567253,5.847,0.04,10.815,November,Summer,0.848,0.012
2024-11-01,Vancouver,CAD_3,72290.0,96.76,real,49.28273,-123.120735,7.868,0.27,10.284,November,Summer,0.653,0.605
2024-12-01,Edmonton,CAD_4,34549.0,66.66,synthetic,53.54613,-113.493823,-8.649,0.057,8.69,December,Fall,0.51,0.196
2024-12-01,Calgary,CAD_5,33705.0,94.97,real,51.04473,-114.071883,-2.816,0.002,10.819,December,Fall,0.607,0.085
2024-12-01,Montreal,CAD_2,104083.0,62.06,synthetic,45.50169,-73.567253,-4.131,0.095,11.1,December,Fall,0.835,0.603
2024-12-01,Vancouver,CAD_3,52352.0,69.91,synthetic,49.28273,-123.120735,6.013,0.214,8.154,December,Fall,0.688,0.216
2024-12-01,Toronto,CAD_1,167106.0,61.99,synthetic,43.65107,-79.347015,-0.678,0.061,17.298,December,Fall,0.759,0.842
2025-01-01,Vancouver,CAD_3,54172.0,72.85,both,49.28273,-123.120735,3.293,0.049,5.717,Janary,Winter,0.715,0.251
2025-01-01,Edmonton,CAD_4,55282.0,76.14,both,53.54613,-113.493823,-8.688,0.029,10.553,Janary,Winter,0.527,0.72
2025-01-01,Montreal,CAD_2,112447.0,98.97,real,45.50169,-73.567253,-7.819,0.041,12.14,Janary,Winter,0.858,0.717
2025-01-01,Toronto,CAD_1,93472.0,90.1,real,43.65107,-79.347015,-4.833,0.028,18.116,Janary,Winter,0.772,0.077
2025-01-01,Calgary,CAD_5,61180.0,67.43,synthetic,51.04473,-114.071883,-4.984,0.001,13.428,Janary,Winter,0.619,0.721
2025-02-01,Calgary,CAD_5,46845.0,86.95,both,51.04473,-114.071883,-15.265,0.012,9.392,February,Winter,0.574,0.389
2025-02-01,Edmonton,CAD_4,60897.0,96.89,real,53.54613,-113.493823,-18.209,0.013,8.919,February,Winter,0.518,0.861
2025-02-01,Montreal,CAD_2,90969.0,97.84,real,45.50169,-73.567253,-9.988,0.113,12.473,February,Winter,0.815,0.423
2025-02-01,Toronto,CAD_1,146857.0,87.71,both,43.65107,-79.347015,-5.488,0.116,17.834,February,Winter,0.805,0.632
2025-02-01,Vancouver,CAD_3,59540.0,96.16,real,49.28273,-123.120735,1.76,0.135,7.701,February,Winter,0.7,0.356
2025-03-01,Calgary,CAD_5,73226.0,72.3,both,51.04473,-114.071883,0.758,0.019,10.387,March,Winter,0.563,1.0
2025-03-01,Montreal,CAD_2,89103.0,86.2,both,45.50169,-73.567253,-0.158,0.056,11.29,March,Winter,0.892,0.398
2025-03-01,Toronto,CAD_1,159231.0,74.17,both,43.65107,-79.347015,2.369,0.044,16.024,March,Winter,0.836,0.76
2025-03-01,Vancouver,CAD_3,71135.0,92.91,real,49.28273,-123.120735,6.185,0.193,8.941,March,Winter,0.699,0.583
2025-03-01,Edmonton,CAD_4,59581.0,85.38,both,53.54613,-113.493823,-2.757,0.032,8.303,March,Winter,0.534,0.828
2025-04-01,Toronto,CAD_1,126302.0,63.0,synthetic,43.65107,-79.347015,5.263,0.072,15.957,Apirl,Spring,0.812,0.418
2025-04-01,Calgary,CAD_5,36377.0,80.95,both,51.04473,-114.071883,5.521,0.037,11.368,Apirl,Spring,0.603,0.147
2025-04-01,Montreal,CAD_2,79013.0,99.92,real,45.50169,-73.567253,5.082,0.078,11.959,Apirl,Spring,0.892,0.259
2025-04-01,Vancouver,CAD_3,57864.0,83.32,both,49.28273,-123.120735,9.516,0.051,7.649,Apirl,Spring,0.679,0.323
2025-04-01,Edmonton,CAD_4,55688.0,92.77,real,53.54613,-113.493823,5.341,0.03,11.393,Apirl,Spring,0.505,0.73
2025-05-01,Calgary,CAD_5,64547.0,80.06,both,51.04473,-114.071883,10.916,0.036,11.016,May,Spring,0.588,0.799
2025-05-01,Montreal,CAD_2,129389.0,97.51,real,45.50169,-73.567253,13.196,0.08,9.839,May,Spring,0.888,0.95
2025-05-01,Toronto,CAD_1,165655.0,87.29,both,43.65107,-79.347015,11.457,0.124,15.303,May,Spring,0.84,0.827
2025-05-01,Vancouver,CAD_3,90090.0,66.47,synthetic,49.28273,-123.120735,12.128,0.043,8.158,May,Spring,0.714,0.953
2025-05-01,Edmonton,CAD_4,35865.0,73.65,both,53.54613,-113.493823,11.939,0.063,10.794,May,Spring,0.585,0.229
2025-06-01,Edmonton,CAD_4,57478.0,86.78,both,53.54613,-113.493823,14.943,0.135,11.219,June,Spring,0.591,0.775
2025-06-01,Montreal,CAD_2,75130.0,65.62,synthetic,45.50169,-73.567253,19.462,0.047,10.503,June,Spring,0.822,0.206
2025-06-01,Vancouver,CAD_3,75362.0,82.65,both,49.28273,-123.120735,15.394,0.013,7.109,June,Spring,0.715,0.665
2025-06-01,Calgary,CAD_5,34666.0,89.11,both,51.04473,-114.071883,15.17,0.097,11.757,June,Spring,0.585,0.107
2025-06-01,Toronto,CAD_1,145780.0,81.35,both,43.65107,-79.347015,17.681,0.024,12.093,June,Spring,0.75,0.62
2025-07-01,Edmonton,CAD_4,43134.0,61.63,synthetic,53.54613,-113.493823,16.825,0.091,9.573,July,Spring,0.517,0.413
2025-07-01,Montreal,CAD_2,113652.0,79.27,both,45.50169,-73.567253,21.736,0.061,8.703,July,Spring,0.882,0.734
2025-07-01,Vancouver,CAD_3,88323.0,93.01,real,49.28273,-123.120735,19.129,0.019,7.409,July,Spring,0.723,0.918
2025-07-01,Calgary,CAD_5,64441.0,62.48,synthetic,51.04473,-114.071883,16.64,0.099,11.186,July,Spring,0.591,0.797
2025-07-01,Toronto,CAD_1,156709.0,82.41,both,43.65107,-79.347015,22.431,0.014,10.131,July,Spring,0.843,0.734
2025-08-01,Toronto,CAD_1,165958.0,64.74,synthetic,43.65107,-79.347015,22.453,0.085,11.796,August,Summer,0.834,0.83
2025-08-01,Vancouver,CAD_3,72118.0,99.93,real,49.28273,-123.120735,18.76,0.112,7.011,August,Summer,0.748,0.602
2025-08-01,Edmonton,CAD_4,44887.0,61.5,synthetic,53.54613,-113.493823,16.923,0.177,9.354,August,Summer,0.515,0.457
2025-08-01,Calgary,CAD_5,57872.0,65.99,synthetic,51.04473,-114.071883,17.045,0.042,9.203,August,Summer,0.646,0.644
2025-08-01,Montreal,CAD_2,67077.0,67.33,synthetic,45.50169,-73.567253,21.461,0.009,7.752,August,Summer,0.889,0.096
2025-09-01,Edmonton,CAD_4,57198.0,76.82,both,53.54613,-113.493823,16.02,0.008,7.615,Setember,Summer,0.582,0.768
2025-09-01,Vancouver,CAD_3,50877.0,88.07,both,49.28273,-123.120735,17.339,0.023,6.563,Setember,Summer,0.698,0.187
2025-09-01,Montreal,CAD_2,119391.0,81.69,both,45.50169,-73.567253,16.396,0.038,6.994,Setember,Summer,0.816,0.813
2025-09-01,Toronto,CAD_1,150267.0,78.94,both,43.65107,-79.347015,17.394,0.027,10.643,Setember,Summer,0.793,0.667
2025-09-01,Calgary,CAD_5,55848.0,80.98,both,51.04473,-114.071883,17.046,0.0,8.517,Setember,Summer,0.634,0.598
2025-10-01,Montreal,CAD_2,125879.0,88.42,both,45.50169,-73.567253,12.079,0.036,8.664,October,Summer,0.855,0.901
2025-10-01,Vancouver,CAD_3,86646.0,80.36,both,49.28273,-123.120735,10.699,0.093,7.681,October,Summer,0.653,0.885
2025-10-01,Edmonton,CAD_4,46652.0,72.34,both,53.54613,-113.493823,6.322,0.014,10.787,October,Summer,0.563,0.502
2025-10-01,Toronto,CAD_1,182352.0,66.61,synthetic,43.65107,-79.347015,14.041,0.032,12.524,October,Summer,0.821,1.0
2025-10-01,Calgary,CAD_5,72468.0,84.08,both,51.04473,-114.071883,7.024,0.01,10.77,October,Summer,0.64,0.982
